id_publisher,name
1,Rockstar Games
2,Activision
3,EA Sports
4,Electronic Arts
5,Microsoft Game Studios
6,Microsoft Studios
7,Bethesda Softworks
8,Ubisoft
9,Sony Computer Entertainment
10,GT Interactive
11,Sony Computer Entertainment America
12,Namco
13,LucasArts
14,Majesco
15,Warner Bros. Interactive
16,Universal Interactive
17,Square Enix
18,Eidos Interactive
19,Microsoft
20,RedOctane
21,Sega
22,Capcom
23,Atari
24,VU Games
25,Blizzard Entertainment
26,Take-Two Interactive
27,Konami
28,Ultra Games
29,Hasbro Interactive
30,Global Star Software
31,2K Sports
32,THQ
33,Warner Bros. Interactive Entertainment
34,2K Games
35,Acclaim Entertainment
36,Disney Interactive Studios
37,Konami Digital Entertainment
38,EA Sports BIG
39,Midway Games
40,Arena Entertainment
41,Buena Vista
42,MTV Games
43,Jaleco
44,Deep Silver
45,989 Studios
46,Hello Games
47,Vivendi Games
48,Tengen
49,Maxis
50,Sony Interactive Entertainment
51,Imagic
52,Valve
53,Gotham Games
54,Namco Bandai
55,2K Play
56,505 Games
57,Nintendo
58,Mojang
59,Unknown
60,Virgin Interactive
61,"Destination Software, Inc"
62,Banpresto
63,D3 Publisher
64,Infogrames
65,Crave Entertainment
66,Red Storm Entertainment
67,Atlus
68,Fox Interactive
69,Williams Entertainment
70,Hudson Soft
71,Coleco
72,Bandai
73,Codemasters
74,ASC Games
75,Accolade
76,Namco Bandai Games
77,TDK Mediactive
78,Zoo Games
79,Sony Online Entertainment
80,3DO
81,Bandai Namco Games
82,Conspiracy Entertainment
83,Natsume
84,Alchemist
85,Black Label Games
86,Sierra Entertainment
87,Level 5
88,Ocean
89,City Interactive
90,Compile
91,ASCII Entertainment
92,Square
93,PopCap Games
94,Broderbund
95,Agetec
96,Tomy Corporation
97,KOEI
98,Tecmo
99,Zoo Digital Publishing
100,Taxan
101,Square EA
102,Game Factory
103,Parker Bros.
104,Titus
105,Mud Duck Productions
106,Tecmo Koei
107,Gearbox Software
108,Crystal Dynamics
109,Pinnacle
110,Empire Interactive
111,Focus Home Interactive
112,Interplay
113,Scholastic Inc.
114,Mystique
115,Telltale Games
116,ChunSoft
117,Enix
118,20th Century Fox Video Games
119,Rare
120,Men-A-Vision
121,SouthPeak Interactive
122,Mastiff
123,Nordic Games
124,Touchstone
125,Harmonix Music Systems
126,Playmates
127,XS Games
128,LEGO Media
129,Quest
130,Gathering of Developers
131,Tigervision
132,Xseed Games
133,GameMill Entertainment
134,Mattel Interactive
135,Destineer
136,Rocket Company
137,GameMill
138,Psygnosis
139,IE Institute
140,Navarre Corp
141,CDV Software Entertainment
142,NIS America
143,Trion Worlds
144,Aksys Games
145,Takara
146,Ignition Entertainment
147,Rebellion Developments
148,Working Designs
149,BAM! Entertainment
150,Enterbrain
151,Spectrum Holobyte
152,Imagineer
153,CPG Products
154,Aruze Corp
155,Storm City Games
156,Takara Tomy
157,Answer Software
158,Black Pearl
159,Marvelous Interactive
160,SCS Software
161,Gun Media
162,Hudson Entertainment
163,Frontier Developments
164,NovaLogic
165,Epoch
166,Spike Chunsoft
167,Knowledge Adventure
168,Telegames
169,Hip Interactive
170,ESP
171,TYO
172,Taito
173,Magical Company
174,Westwood Studios
175,Mentor Interactive
176,Valcon Games
177,Kemco
178,Human Entertainment
179,Data Age
180,Kalypso Media
181,989 Sports
182,Jack of All Games
183,Hot-B
184,D3Publisher
185,Media Rings
186,New
187,Jorudan
188,Elf
189,10TACLE Studios
190,Sammy Corporation
191,Kalypso
192,Mindscape
193,Brash Entertainment
194,Aspyr
195,DSI Games
196,UFO Interactive
197,ITT Family Games
198,SNK Playmore
199,BPS
200,GungHo Online Entertainment
201,Arc System Works
202,SquareSoft
203,Magix
204,P2 Games
205,Mumbo Jumbo
206,CokeM Interactive
207,NewKidCo
208,Kokopeli Digital Studios
209,CBS Electronics
210,Mad Catz
211,Koch Media
212,Spike
213,Bandai Namco Entertainment
214,Team17 Software
215,Sold Out
216,Angel Studios
217,Simon & Schuster Interactive
218,A1 Games
219,Video System
220,Seta Corporation
221,Nichibutsu
222,GSP
223,Red Mile Entertainment
224,Hamster Corporation
225,Little Orbit
226,Avanquest
227,Nicalis
228,SNK
229,Nippon Columbia
230,Wargaming.net
231,Graffiti
232,Tripwire Interactive
233,Microprose
234,Hect
235,NEC
236,Gamecock
237,Home Entertainment Suppliers
238,Axela
239,NEC Interchannel
240,ArtDink
241,THQ Nordic
242,Gust
243,O-Games
244,ValuSoft
245,Majesco Entertainment
246,Milestone S.r.l.
247,Kadokawa Shoten
248,Koei Tecmo
249,Bold Games
250,Marvelous
251,Irem Software Engineering
252,Detn8 Games
253,Bomb
254,Sears
255,AQ Interactive
256,Pioneer LDC
257,Activision Value
258,Kadokawa Games
259,On Demand
260,Maximum Games
261,inXile Entertainment
262,Acquire
263,Culture Brain
264,DreamCatcher Interactive
265,Strategy First
266,NCS
267,Merscom LLC
268,Shogakukan
269,Falcom Corporation
270,ARUSH Entertainment
271,Nippon Telenet
272,Core Design Ltd.
273,SSI
274,Paramount Digital Entertainment
275,TDK Core
276,Victory Lap Games
277,JoWood Productions
278,Rooster Teeth Games
279,Asylum Entertainment
280,Marvelous Entertainment
281,Sound Source Interactive
282,Playlogic Game Factory
283,Trigger Apps
284,Thomas Happ Games
285,Avalon Interactive
286,PQube
287,Big Ben Interactive
288,Vatical Entertainment
289,VR Sports
290,Compile Heart
291,Milestone
292,Syscom
293,FCI
294,Milestone S.r.l
295,Carbine Studios
296,Aques
297,Victor Interactive
298,System 3
299,PlayV
300,Rising Star Games
301,Vir2L Studios
302,Paradox Interactive
303,Idea Factory
304,Encore
305,Media Factory
306,Dusenberry Martin Racing
307,Grey Box
308,Microids
309,The Adventure Company
310,Insomniac Games
311,Idea Factory International
312,Sony Music Entertainment
313,Imadio
314,Aquaplus
315,Legacy Interactive
316,Excalibur Publishing Limited
317,General Entertainment
318,Broccoli
319,GameTrust
320,Nihon Falcom Corp
321,Capcom Entertainment
322,Tommo
323,Game Arts
324,Sunsoft
325,MLB Advanced Media
326,Tru Blu Entertainment
327,U.S. Gold
328,PM Studios
329,Got Game Entertainment
330,704Games
331,Black Bean Games
332,Slitherine Software
333,Outright Games
334,Gremlin Interactive Ltd
335,JVC
336,MTO
337,T&E Soft
338,Type-Moon
339,Psyonix Studios
340,Team 17
341,O3 Entertainment
342,Devolver Digital
343,Time Warner Interactive
344,Bigben Interactive
345,Daito
346,Merge Games
347,Metro 3D
348,Xicat Interactive
349,Reef Entertainment
350,Gameloft
351,Nippon Ichi Software
352,TOHO
353,Data East
354,Gainax Network Systems
355,5pb
356,GameTek
357,Benesse
358,Paon
359,Skybound Games
360,Micro Cabin
361,DTP Entertainment
362,Image Epoch
363,Groove Games
364,Asmik Corp
365,Ghostlight
366,WayForward Technologies
367,Ravenscourt
368,Asmik Ace Entertainment
369,Soedesco
370,O~3 Entertainment
371,Phantom EFX
372,Nippon Amuse
373,Hackberry
374,Panasonic Interactive Media
375,Evolved Games
376,Sony Computer Entertainment Europe
377,Griffin International
378,Hearty Robin
379,Origin Systems
380,Nighthawk Interactive
381,responDESIGN
382,FuRyu Corporation
383,Gaijinworks
384,Secret Stash Games
385,Badland Games
386,Studio Wildcard
387,Glams
388,From Software
389,MLB.com
390,Aqua Plus
391,Flight-Plan
392,Telstar
393,Egosoft
394,Happinet
395,Viva Media
396,Unfinished Pixel
397,bitComposer Games
398,"Genius Products, Inc."
399,Virtual Play Games
400,Myelin Media
401,Edia
402,Excalibur Publishing
403,Planet Entertainment
404,Evolution Games
405,Sunrise Interactive
406,Games Workshop
407,Alternative Software
408,Polykid
409,Success
410,Yuke's
411,American Technos
412,Perfect World Entertainment
413,GungHo
414,Locus
415,Athena
416,Aria
417,Unbalance
418,Warp
419,Ecole
420,Imax
421,Midas Interactive Entertainment
422,Marvel Entertainment
423,1C Company
424,HAL Laboratory
425,Ready at Dawn
426,Nihon Falcom Corporation
427,Wired Productions
428,Aerosoft
429,iWin
430,Creative Core
431,Media Works
432,System 3 Arcade Software
433,Pack-In-Video
434,Cave
435,"Orbital Media, Inc."
436,DigiCube
437,Yumedia
438,Asgard
439,Electro Brain
440,Alliance Digital Media
441,Kaga Create
442,Fortyfive
443,Grand Prix Games
444,Crimson Cow
445,Funbox Media
446,DotEmu
447,Eidos Interactive Ltd
448,Vap
449,Pony Canyon
450,Tivola
451,Perp Games
452,AIA
453,Rising Star
454,ASCII Media Works
455,Anuman
456,Snail Games USA
457,Coconuts Japan
458,Klei Entertainment
459,Blast! Entertainment Ltd
460,Comfort
461,Yeti
462,Introversion Software
463,Dovetail Games
464,Tequila Works
465,Prototype
466,Giants Software
467,TREVA Entertainment
468,Phantagram
469,Genki
470,RTL
471,SVG Distribution
472,Misawa
473,Pow
474,Viacom
475,eGames
476,Sprite
477,The Learning Company
478,Team17 Digital Ltd
479,NCSoft
480,Acttil
481,Big Fish Games
482,Red Hook Studios
483,IGS
484,Alawar Entertainment
485,Rombax Games
486,Ascaron Entertainment
487,SCi
488,Experience Inc.
489,TGL
490,Zushi Games
491,Zenrin
492,CyberFront
493,Dramatic Create
494,SouthPeak Games
495,Interchannel
496,Sonnet
497,Techland
498,FDG Entertainment
499,Riverhillsoft
500,Rondomedia
501,id Software
502,Masque Publishing
503,Lionhead Studios
504,Societa
505,Perpetual
506,Summitsoft
507,Sidhe Interactive
508,Playmore
509,Frozenbyte
510,Avanquest Software
511,Cygames
512,Phantom 8 Studio
513,Russel
514,11 bit studios
515,Stainless Games
516,Yacht Club Games
517,Oxygen Interactive
518,Berkeley
519,Modus Games
520,Maximum Family Games
521,Leadman Games
522,Badland Studio
523,Rejet
524,Quinrose
525,Tulip Games
526,Kids Station
527,Nobilis
528,Stardock
529,CK Games
530,Paon Corporation
531,BushiRoad
532,GN Software
533,Mastertronic
534,KID
535,Licensed 4U
536,Sweets
537,Headup Games
538,Princess Soft
539,Fuji
540,Mamba Games
541,Her Interactive
542,Daedalic Entertainment
543,49Games
544,Kamui
545,KSS
546,3 O'Clock
547,ASK
548,Fields
549,Funcom
550,imageepoch Inc.
551,Nexon
552,Sting
553,G.Rev
554,Tryfirst
555,Office Create
556,UIG Entertainment
557,Giza10
558,Red Flagship
559,fonfun
560,Imageworks
561,7G//AMES
562,Monte Christo Multimedia
563,Graphsim Entertainment
564,U&I Entertainment
565,Technos Japan Corporation
566,8-4
567,Mediascape
568,Starfish
569,King Records
570,Focus Multimedia
571,Turbine Inc.
572,Obsidian Entertainment
573,Yamasa Entertainment
574,Plenty
575,Dorart
576,Mirai Shounen
577,Gakken
578,Alvion
579,honeybee
580,Minato Station
581,Enlight
582,Revolution Software
583,League of Geeks
584,New World Computing
585,Meridian4
586,Entergram
587,HuneX
588,Daedalic
589,Neko Entertainment
590,Dispatch Games
591,System Soft Alpha
592,Views
593,Quintet
594,ReadySoft
595,Karin Entertainment
596,Datam Polystar
597,Giga
598,Revolution (Japan)
599,System Soft
600,Technical Associates Inc
601,RED Entertainment
602,Rebellion
603,Visco
604,Epic Games
605,Gaga
606,Arika
607,Villa Gorilla
608,Warashi
609,Neocore Games
610,Essential Games
611,Piacci
612,SystemSoft Alpha
613,Hoplite Research
614,Digiturbo
615,MAGES
616,Takuyo
617,M2
618,Silky`s
619,Genterprise
620,Tri Synergy
621,Interchannel-Holon
622,KING Art Games
623,Moss
624,Hiromi
625,SystemSoft
626,Agatsuma Entertainment
627,GMX Media
628,Commseed
629,RailSimulator.com
630,Ongakukan
631,Independent Arts Software GmbH
632,Paradox Development
633,First Class Simulations
634,Studio Artdink
635,Lighthouse Interactive
636,Otomate
637,Nitroplus
638,NetRevo
639,Naxat Soft
640,Boost On
641,Foreign Media Games
642,Media Entertainment
643,Milkstone Studios
644,Best Media
645,Global A Entertainment
646,Interplay Productions
647,Triangle Service
648,Qute
649,Easy Interactive
650,EuroVideo Medien
651,Harukaze
652,iMel
653,Matatabi
654,Otomate Idea Factory
655,Gadget Soft
656,Abel
657,Astragon
658,Assemble Entertainment
659,Dimple Entertainment
660,Nippon Cultural Broadcasting eXtend
661,Shin'en
662,Bergsala Lightweight
663,Now Production
664,"H2 Interactive Co., Ltd."
665,Michaelsoft
666,TopWare Interactive
667,ArenaNet
668,Rebellion Games
669,Toby Fox
670,Rain Games
671,Team Meat
672,El Dia
673,Wolfgame
674,King Games
675,Numantian Games
676,Sirtech
677,TopWare
678,Adventure Soft
679,Elephant Entertainment
680,GTE Entertainment
681,The Fullbright Company
682,Iceberg Interactive
683,Phenomedia
684,MC2 Entertainment
685,Blade Interactive
686,Red Orb
687,Tradewest
688,Fru Blu Games
689,Mindstorm Studios
690,Alpha Unit
691,GamersGate
692,Virgin Play
693,Image Space Incorporated
694,Mercury Games
695,LSP Games
696,Nordcurrent
697,Microforum
698,SilverStar
699,Lexicon Entertainment
700,Petit Reve
701,Behaviour Interactive
702,Chara-ani
703,Illusion Softworks
704,Sandlot Games
705,E-Frontier
706,Digital Jesters
707,Just Flight
708,iEntertainment Network
709,MegaHouse
710,Recom
711,"Thekla, Inc."
712,althi Inc.
713,Focus
714,Tera Box
715,Ides
716,Land Ho
717,Summitsoft Entertainment
718,Datel
719,HdO Adventure
720,Freeze Tag
721,Artifex Mundi sp. z o.o.
722,Virtual Playground
723,Enjoy Gaming ltd.
724,Rovio Mobile
725,Futurlab 1
726,Game Factory Interactive
727,FireFly Studios
728,1C Maddox Games
729,HD Interactive
730,Whiptail Interactive
731,DTMC
732,EON Digital Entertainment
733,Spellbound
734,DMM Games
735,Noviy Disk
736,Joindots
737,United Developers
738,Stack
739,Digital Works Entertainment
740,Motion Twin
741,Edmund McMillen
742,The Fun Pimps
743,Torn Banner Studios
744,Fatshark
745,Media.Vision
746,X.D. Network Inc.
747,Sloclap
748,Remedy Entertainment
749,Studio MDHR
750,Digital Confectioners
751,"mixi, Inc"
752,Triternion
753,Frictional Games
754,Crytek
755,Messhof
756,DrinkBox Studios
757,Bandai Namco
758,Lace Mamba Global
759,TinyBuild Games
760,Transhuman Design
761,Cryo Interactive
762,Lince Works
763,Night Node Software
764,WolfgangIs
765,Inti Creates
766,Back To Basics Gaming
767,DL Softworks
768,Powerhoof Pty Ltd
769,Avalanche Studios
770,PlayWay
771,Dark Energy Digital
772,Galaxy Trail
773,Beatnik Games
774,Indie Voyage
775,Trendy Entertainment
776,D-Pad Studio
777,Screenwave Media
778,NeocoreGames
779,Mehsoft
780,Born Ready Games
781,Kinto Games LLC
782,Dagestan Technology
783,"Arcen Games, LLC"
784,KHB-Soft
785,TEAM HORAY
786,Kiss
787,Adult Swim
788,David Williamson
789,Hopoo Games
790,Bootdisk Revolution
791,Space Boat Studios
792,Frogmind
793,Chubby Pixel
794,Lighthouse Games Studio
795,Siberian Digital
796,Walter Machado
797,ZOV GAME STUDIO
798,Black Lime Studio
799,Oculus
800,Crazy Monkey
801,Lillymo Games Inc
802,Facepunch Studios
803,Oculus Studios
804,Bulkypix
805,Other Ocean Interactive
806,Beatshapers
807,Domark Software
808,MPI Games
809,100 Gates
810,Mediatonic
811,Apprope
812,Webfoot Technologies
813,2DEngine.com
814,Nitrome
815,Bloober Team
816,Absolute Entertainment
817,Arcadia Systems
818,EnjoyUp Games
819,ArtePiazza
820,BBC Multimedia
821,Taki
822,KnapNok Games
823,Versus Evil
824,Isquared Games
825,ITE Media
826,Ateam
827,CyberSoft
828,Qubic Games
829,Sega-AM7
830,Sega AM7
831,LJN
832,Virgin Games
833,MicroLeague
834,Creat Studio
835,Electric Dreams Software
836,3000AD
837,Laser Dog
838,Nimbly Games
839,Collavier Corporation
840,Lexis Numerique
841,Wolf Team
842,Panther Software
843,AlienTrap Games
844,Chillingo
845,Sierra Online
846,American Sammy
847,Edelweiss
848,Gentleman Squid Studio
849,"GamesCafe, Inc."
850,Climax
851,Quelle
852,Omega Products
853,Alexey Saenko
854,Playaround
855,Bullet Proof Software
856,Balcony Team
857,Palace Software
858,Studio Wonder Effect
859,Good Night Brave Warrior
860,"Merge Interactive, Incorporated"
861,Tec Toy
862,Messiah
863,WizardWorks
864,Renovation
865,Camerica
866,Hi Tech Expressions
867,Plug In Digital
868,Wisdom Tree
869,Spicysoft Corp.
870,Nuvision Entertainment
871,Bplus
872,Sachen
873,Bignet
874,BioWare
875,Nnooo
876,Halfbrick Studios
877,bleem!
878,Media Group
879,Island Creation
880,Digital Goldfish
881,"Telegames, Inc."
882,First Star Software
883,Fujicom
884,Sanuk Games
885,Ian MacLarty
886,Shrapnel Games
887,Sony Imagesoft
888,Turbo Technologies
889,G-mode
890,Milton Bradley
891,Rocket Science Games
892,"CommaVid, Inc."
893,Tag Games
894,Cartoon Network
895,The Behemoth
896,Color Dreams
897,Spectravision
898,Active Enterprises
899,Choice of Games
900,Xonox
901,Soft Pro
902,Monolith Productions
903,Mediaflex Games
904,Phoenix Games
905,CIRCLE Entertainment
906,SegaSoft
907,US Games
908,Romstar
909,Sage's Creation
910,Palcom
911,Nihon Bussan
912,Nihon System
913,Spicy Horse
914,Gameshastra
915,Vogster Entertainment
916,GREE
917,NetVillage
918,Triangle Studios
919,FACE
920,D4 Enterprise
921,ADK
922,Songbird Productions
923,Riot
924,Nexoft
925,Bit Corporation
926,Vicarious Visions
927,Microblast Games
928,Starbreeze Studios
929,Razorsoft
930,American Video Entertainment
931,Gamehastra
932,Amateur Pixels
933,Tantrum Entertainment
934,Glu Mobile Inc.
935,OGPlanet
936,Kaneko Co. Ltd
937,BBC Worldwide
938,Yokcos
939,Dream Forge Entertainment
940,Ballistic
941,Urban Plant
942,Imperial Entertainment
943,Flying Edge
944,PalSoft
945,Hamumu Software
946,Sofel
947,Stickmen Studios
948,Mass Creation Sp. z o. o.
949,Puppy Games
950,SuckerFree Games
951,Buka Entertainment
952,CJ Internet Japan
953,Tom Create
954,cleaversoft
955,Semnat Studios
956,CGE Services Corporation
957,Kongregate
958,Mechanic Arms
959,Panda Entertainment
960,Rage Software
961,Focus on the Family
962,Nexeon Technologies
963,Nostatic Software
964,Ludobit
965,Apollo
966,Mythicon
967,Ballpit Monster
968,Mixedbag Srl
969,Forever Entertainment S.A.
970,Solus Games
971,Aicom
972,7th Level
973,Smile Soft
974,17-Bit
975,System Sacom
976,Brain Gray
977,XMG Studio Inc.
978,MAG Interactive
979,Gevo Entertainment
980,Gamebridge
981,UPL
982,Medaverse Studios
983,Wales Interactive Ltd.
984,Wanadoo
985,Bubble Quiz Games
986,Muse Software
987,The ONE
988,MAIET Entertainment
989,KranX Productions
990,SFB Games
991,Micronet
992,Meldac
993,East Entertainment Media
994,Ludia
995,Xplosiv
996,Meridian
997,TalonSoft
998,Toei Animation
999,Ruffian Games
1000,Capstone Software
1001,Glass Bottom Games
1002,Poisoft
1003,Gamelion Studios
1004,TGC
1005,Next Dimension Game Adventures Ltd.
1006,Dolores Entertainment SL
1007,SEI
1008,Sucker Punch Productions
1009,Infinite Loop
1010,StormBasic Games
1011,Actoz Soft
1012,Cinemaware
1013,Shepherd's Worlds
1014,NEC Avenue
1015,Yutaka
1016,Tonkin House
1017,Studio Pixel
1018,Character Soft
1019,Snail Game
1020,Mahou
1021,Chainsawesome Games
1022,Juicy Beast Studio
1023,Play It
1024,Sarbakan
1025,Seika
1026,FunSoft
1027,NAVER JAPAN
1028,Asteroid Base
1029,Toshiba EMI
1030,Wolfire Games
1031,Shoeisha
1032,"Making Fun, Inc."
1033,The Code Monkeys
1034,Two Desperados
1035,The Men Who Wear Many Hats LLC
1036,Igor Migun
1037,Atmark
1038,Flat Earth Games
1039,3D Realms
1040,Sonic Powered
1041,Kitfox Games
1042,Tokuma Shoten
1043,TechnoSoft
1044,Playism
1045,Force Of Habit
1046,Nunchuk Games
1047,Data Design Interactive
1048,Konjak
1049,Q-Games
1050,FobTi Interactive
1051,Oddworld Inhabitants
1052,Nokia
1053,Laughing Jackal
1054,Studio Zan
1055,Electronic Arts Victor
1056,21st Century Entertainment
1057,Pasta Games!
1058,Lemondo Entertainment
1059,Robotality
1060,Nitrolic Games
1061,Mac Play
1062,Odenis Studios
1063,Image Works
1064,Sideline Amusements
1065,LOOT Entertainment
1066,Smilegate Megaport
1067,Slitherine
1068,Apogee
1069,Commotion Interactive
1070,CodeHatch
1071,Rogue Snail
1072,Illusion
1073,Slick Entertainment
1074,Raya System
1075,TikGames
1076,Vidtec
1077,FUN YOURS Technology
1078,Cellar Door Games
1079,Mobage
1080,"Kotobuki Solution Co., Ltd."
1081,Bastian Schick
1082,Ska Studios
1083,Gyko Games
1084,Pacific Century Cyber Works
1085,Malibu Games
1086,TimeGate Studios
1087,Vblank Entertainment Inc.
1088,JoWood Productions & Piranha Bytes
1089,Mig Entertainment
1090,Xing Entertainment
1091,Micro World
1092,Gastronaut Studios
1093,Mitsui
1094,NHN USA
1095,Dahku Creations
1096,Tamsoft
1097,J-Wing
1098,ZQGame
1099,MobileBits GmbH
1100,Charlie Williams
1101,Velocity Development
1102,RCMADIAX
1103,Desura
1104,I.Magic
1105,Koramgame.com
1106,Teyon Entertainment
1107,Dynamix
1108,Abylight
1109,Gaia Industries
1110,Big John Games
1111,Rockin' Android
1112,Flashman Games
1113,Bothtec
1114,Monster Robot Studios
1115,SCEA Studio San Diego
1116,Dong Nguyen
1117,Playrise Edge Ltd.
1118,Eclipse Games
1119,Sanyei Shobou
1120,Perpetuum Game
1121,Nickelodeon
1122,StormBASIC
1123,F&C
1124,Digital Tribe Games
1125,Touz
1126,Endnight Games Ltd
1127,Thunder Mountain
1128,Commodore
1129,Zatun
1130,Twisted Pixel Games
1131,Techno Soleil
1132,Minicore Studios
1133,Big Head Games
1134,Legendo Entertainment
1135,Zen Studios
1136,Next Gen Games
1137,Melbourne House
1138,Interactive Magic
1139,Europress
1140,Vexel Games
1141,Stern
1142,Krome Studios
1143,Bec
1144,Saga Planets
1145,Mike Bithell Games
1146,American Laser Games
1147,MGM Interactive
1148,Annapurna Interactive
1149,Ocean Software
1150,Gaijin Games Inc.
1151,Darkwind Media
1152,Mountain King Studios
1153,Renegade Kid
1154,White Lotus Interactive
1155,Mobest Media
1156,Frima Studio
1157,G-Style
1158,Blue Print
1159,AGM Playism
1160,Humble Bundle
1161,Curve Digital
1162,Fast Travel Games
1163,Tikipod
1164,Mattel Electronics
1165,Gambitious
1166,Raw Fury
1167,Trinket Studios
1168,Xbox Game Studios
1169,Shield Break Studios
1170,bilibili
1171,Dufgames
1172,Digerati
1173,Paper Cult
1174,L. Stotch
1175,nDreams
1176,ININ Games
1177,Crunching Koalas
1178,New Reality Games
1179,RedDeerGames
1180,INTV Corporation
1181,Riot Games
1182,TOYURO
1183,Doragon Entertainment
1184,H2F Informationssysteme GmbH
1185,The Dangerous Kitchen
1186,HypeTrain Digital
1187,Rainy Frog
1188,CarbonFire Studio
1189,One or Eight Inc.
1190,Undefined
1191,Scott Cawthon
1192,GalaxyTrail Games
1193,The Game Bakers
1194,Naps Team
1195,Another Indie
1196,Sony Pictures Digital Network
1197,ELYLAND INVESTMENT COMPANY Ltd
1198,Vertex Pop
1199,Taito Corporation
1200,Horberg Productions
1201,Supergiant Games
1202,BlitWorks
1203,RocketPunch Games
1204,IO Interactive
1205,Coffee Stain Studios
1206,Ratalaika Games
1207,Flyhigh Works
1208,Emad
1209,FTE Games
1210,10tons
1211,"Liquid Bit, LLC"
1212,Numizmatic
1213,KONANDENKI
1214,2Awesome Studio
1215,Tribute Games
1216,Mellowsoft
1217,DANGEN Entertainment
1218,DLsite
1219,Level 77
1220,VADIM GAFTON
1221,Veewo Games
1222,JanduSoft S.L.
1223,Humble Hearts
1224,"Aspyr Media, Inc."
1225,City Connection
1226,Young Horses
1227,All Yes Good
1228,SpearHead Games
1229,Red Barrels
1230,iFun4all
1231,Sumo Digital
1232,Breakfall
1233,The Pokémon Company
1234,GameTomo
1235,All in! Games
1236,Cococucumber
1237,Bitten Toast Games
1238,KAYAC
1239,Zerodiv
1240,Maxistentialism
1241,S2 Games
1242,Interphase
1243,Ultra Dolphin Revolution
1244,WayForward
1245,MUTAN
1246,Choice Provisions
1247,IGOR GAFTON
1248,10tons Ltd
1249,Proletariat Inc.
1250,Sabec Limited
1251,Image & Form International AB
1252,"Netflix, Inc."
1253,Secret Base
1254,Dan & Gary Games
1255,Starsign
1256,Teyon
1257,Runic Games
1258,Active Gaming Media
1259,Matt Makes Games Inc.
1260,Grasshopper Manufacture Inc.
1261,Parker Brothers
1262,Springloaded
1263,Big Sugar
1264,Area Zero
1265,Crazy Viking Studios
1266,Digital Extremes
1267,Corvostudio di Amadei Marco
1268,Simogo
1269,Amazing Inc.
1270,Unknown Worlds Entertainment
1271,Humongous Entertainment
1272,Quantic Dream
1273,Panic
1274,Infocom
1275,Private Division
1276,Team17
1277,WSS playground
1278,Night School Studio
1279,Galactic Cafe
1280,The Astronauts
1281,Amanita Design
1282,Red Orb Entertainment
1283,Ysbryd Games
1284,bhv Software
1285,Fireshine Games
1286,Emme Interactive
1287,Double Fine Productions
1288,Access Software
1289,Sam Barlow
1290,Coconut Island Games
1291,White Dog
1292,Might and Delight
1293,Necrophone Games
1294,Fireproof Games
1295,GrabTheGames
1296,Krillbite Studio
1297,Killmonday Games
1298,Bit Blot
1299,Hothead Games
1300,Teotl Studios
1301,Gamestorming
1302,Hitcents
1303,3f Interactive
1304,Wadjet Eye Games
1305,cada
1306,Cyan Worlds
1307,CD Projekt Red Studio
1308,Screen 7
1309,Uppercut Games Pty Ltd
1310,"What Pumpkin Games, Inc."
1311,Peace
1312,Rusty Lake
1313,Lavaboots Studios
1314,Black Dragon
1315,Kutoka Interactive
1316,Trilobyte
1317,New Machine Publishing
1318,Sound Technology
1319,Visit
1320,Alice Soft
1321,MidBoss
1322,Nippon Create
1323,4PM Game LTD
1324,RunnerGames
1325,Degica
1326,Pione Soft
1327,"GRAVITY Co.,Ltd"
1328,Key
1329,Game Studio
1330,Feng
1331,LukPlus
1332,age
1333,Columbia Music Entertainment
1334,Gaia (GeGeGe)
1335,Synergy Inc.
1336,Witch
1337,Right Stuff
1338,Benjamin Rivers Inc.
1339,GANZ
1340,Graphic Simulations
1341,Jast
1342,Active
1343,Terios
1344,Hirameki International Group
1345,Xider Games
1346,Ray Corporation
1347,Omega Micott
1348,Adult Dream
1349,CD Bros.
1350,Tactics
1351,Tin Man Games
1352,Gato Salvaje S.L.
1353,Circus
1354,Ciel
1355,Spacetime Studios
1356,Project Two Interactive
1357,Hug
1358,Outgrow
1359,Tadashi
1360,Corbomite Games
1361,Propeller
1362,Undermoon
1363,Survive
1364,Oz Club
1365,I'Max
1366,Zombie Cow Studios
1367,Kiddinx
1368,Kitty Media
1369,Diego Acevedo
1370,Zotnip
1371,GokuFero
1372,Tsunami Media
1373,NOA
1374,Reindeer
1375,Emu
1376,Relentless Software
1377,Erik Svedäng
1378,Completes
1379,TechnoBrain
1380,Sega Toys
1381,ScooP
1382,Discovery Channel Multimedia
1383,Nigred
1384,Cocktail Soft
1385,NHK
1386,Studio e-go
1387,G-Collections
1388,Pandora Box
1389,RealArcade
1390,Nitro+
1391,Crazy Labs
1392,Orbit Soft
1393,Microvalue
1394,Media Kite
1395,Alcot
1396,Eufonie
1397,Nine'sFox
1398,Leaf
1399,Legend Entertainment
1400,Triangle
1401,Media.Vision Entertainment
1402,Peach Princess
1403,Flying Shine
1404,exoSyphen Studios
1405,Doppler Interactive
1406,MangaGamer
1407,Firebird Software
1408,Cyberdreams
1409,Good Shepherd Entertainment
1410,Sarah Northway
1411,Himeya
1412,Panorama
1413,Lump of Sugar
1414,Cosmonaut Games
1415,SUMO interactive
1416,Digital Pictures
1417,Social Point
1418,Pinky Soft
1419,Digital Leisure Inc.
1420,PlayFirst
1421,Owlchemy Labs
1422,Interstel
1423,Canal+ Multimedia
1424,Ice Water Games
1425,Xuse
1426,Sims
1427,White Paper Games
1428,C's Ware
1429,Game Village
1430,Kwan
1431,Cybird
1432,Playrix
1433,Tale of Tales
1434,Sophia
1435,Campo Santo
1436,Renegade
1437,Winter Wolves Game Studio
1438,Nocturnal Entertainment
1439,Humongous
1440,Pallet
1441,GeneX
1442,Fog
1443,Amuse
1444,TinkerBell
1445,Spray
1446,Digital Kids
1447,Norn
1448,"CyberAgent, Inc."
1449,Daiki
1450,Lay-Up
1451,DreamWorks Interactive
1452,Well Made
1453,BeF
1454,Lupinus
1455,Flashpoint Games
1456,Winter Wolves Studio
1457,Elcom
1458,Swan
1459,Favorite
1460,Rune
1461,Vega
1462,Black Package
1463,Ankh
1464,Crackpot Entertainment
1465,Ole
1466,CBE Software s.r.o.
1467,IBM
1468,Ange
1469,Bellda Soft
1470,Clochette
1471,Kyarara
1472,Atypical Alchemists Associate
1473,Guilty N
1474,Libredia Entertainment
1475,Peas Soft
1476,Axl
1477,Ail
1478,GMF
1479,CRI
1480,Crowd
1481,Melody
1482,Honey Pot
1483,WestVision
1484,Hearthfire Studios
1485,SoftLab Laboratories
1486,Panda House
1487,13cm
1488,HookSoft
1489,Teatime
1490,State of Play Games
1491,Marmalade
1492,Untouchable
1493,Touchable
1494,Sometimes You
1495,Juno
1496,Bohemia Interactive
1497,Family Soft
1498,Koubunsha
1499,Aldorlea Games
1500,Black Psyche
1501,Namco Networks America
1502,Neko Neko Soft
1503,Janis
1504,Larian Studios
1505,Tiburon Interactive Publishing
1506,Zeta Multimedia
1507,Paretto
1508,B-Factory
1509,Pygmy Studio
1510,Up Multimedia
1511,GameTap
1512,Rainbird
1513,Kool Kizz
1514,UNiSONSHIFT
1515,SkunkWorks
1516,Finji
1517,Infinite Fall
1518,Glass Knuckle Games
1519,Sur de Wave
1520,Waffle
1521,Playlogic International NV
1522,Sekilala
1523,Creability
1524,"Minority, Inc."
1525,Pumpie
1526,Ice-pick Lodge
1527,Telarium
1528,Amedeo
1529,Clock Up
1530,Kirin Entertainment
1531,Pajamas Soft
1532,I*Motion
1533,DataWest
1534,Vision Soft
1535,Honey Soft
1536,Aqualuft Games
1537,Light
1538,Lyn And Line LLC
1539,Navel
1540,Pink Pineapple
1541,Libido
1542,Montparnasse Multimedia
1543,Affect
1544,So Much Drama Studios
1545,Spiel
1546,Escude
1547,Mosaic
1548,Illusion Soft
1549,No Reply Studios
1550,Unicorn-A
1551,Kodansha
1552,Krimzon Fake
1553,Icarus Games
1554,Catarite
1555,Four Nine
1556,Cyc
1557,Ocelot
1558,Aqua House
1559,Trust
1560,Software House Paseri
1561,Splash
1562,Apollon Create
1563,Eushully
1564,Minor I
1565,Pan Vision
1566,Topologika
1567,Failbetter Games
1568,Sekai Project
1569,Evil Indie Games
1570,AJTilley
1571,Xiao Yao
1572,Crescent Moon Games
1573,Over The Moon
1574,Sanctuary Woods
1575,Presto Studios
1576,TreeFall Studios
1577,Screwy Lightbulb
1578,G5 Entertainment AB
1579,MECC
1580,Valve Corporation
1581,Valve Software
1582,Enjoy Gaming
1583,Symphony
1584,Authering Heaven
1585,RaSeN
1586,Merit Studios
1587,HMH Interactive
1588,Fully Ramblomatic
1589,Pulse Entertainment
1590,Forst
1591,Angel Smile
1592,Akabee Soft 2
1593,Dreams
1594,"Moonshark, Inc."
1595,Kita Denshi
1596,Mebius
1597,Rebellion Developments / Saffire
1598,Shouei
1599,GriN Multimedia
1600,TwoFive
1601,Iridium
1602,Fuuki
1603,D'Avekki Studios Limited
1604,It's Anecdotal
1605,"Corecell Technology Co.,Ltd."
1606,FJRD Interactive
1607,LWNA
1608,LoopyMood
1609,Vision Games
1610,Bulbware
1611,Philips Interactive Media
1612,Maple Whispering Limited
1613,Izanagi Games
1614,Too Kyo Games
1615,Disney Online
1616,Red Thread Games
1617,Chucklefish
1618,Mixtvision
1619,EA Originals
1620,Freebird Games
1621,Sidebar Games
1622,KO_OP Mode
1623,Chorus Worldwide Games
1624,Pirate Software
1625,Helmet Games
1626,Billy Goat Entertainment
1627,"YGGDRAZIL GROUP CO.,LTD"
1628,Caustic Reality
1629,Playdead
1630,Superbrothers
1631,Tigertron
1632,Felix & Paul Studios
1633,Bloober Team S.A.
1634,Tomorrow Corporation
1635,Mooneye Studios
1636,FIVE-BN GAMES
1637,like Charlie
1638,IMGN PRO
1639,StudioInkyfox
1640,Dynamic Voltage Games
1641,Baltoro Games
1642,Feardemic
1643,Henchman & Goon
1644,Twisted Tree
1645,Atypical Games
1646,Green Man Gaming
1647,3909 LLC
1648,Rainbite
1649,CI Games
1650,RedG Studios
1651,Frogwares
1652,Jumpship
1653,Thunder Lotus Games
1654,Capybara Games
1655,Deck 13
1656,Playdigious
1657,DONTNOD Entertainment
1658,The Molasses Flood
1659,Mipumi Games GmbH
1660,inbetweengames
1661,"Timberline Studio, Inc."
1662,Fellow Traveller
1663,SONKA
1664,Terrible Toybox
1665,Unties
1666,Vanimals
1667,Draw Distance
1668,Friend & Foe
1669,Total Mayhem Games
1670,Triple Topping
1671,Asymmetric
1672,Akupara Games
1673,Coffee Stain Publishing
1674,PlayStation Mobile Inc.
1675,Stunlock Studios
1676,Team Cherry
1677,PlayStation PC
1678,Almost Human
1679,Robot Gentleman Studios
1680,Binary Haze Interactive
1681,Ninja Theory
1682,Gearbox Publishing
1683,Black Shell Media
1684,Cleverweek
1685,Analgesic Productions
1686,Crackshell
1687,Vaka Game Magazine
1688,Strategic Simulations
1689,A Crowd of Monsters
1690,Hi-Bit Studios
1691,HandyGames
1692,PLAYDIUS
1693,Casual Bit Games
1694,Sand Sailor Studio
1695,Lionsgate Games
1696,Applava
1697,"505 Games US, Inc."
1698,Intragames
1699,Rocket Vulture
1700,Good Game Publishing
1701,Destructive Creations
1702,Toybox
1703,3rd Eye Studios
1704,Digital Domain
1705,Outerloop Games
1706,Attu Games
1707,Bedtime Digital Games
1708,miHoYo
1709,Saber Interactive
1710,1DER Entertainment
1711,Bifrost Entertainment
1712,The Arcade Crew
1713,Blowfish Studios
1714,Ember Lab
1715,TeamKill Media
1716,Double Fine Presents
1717,Feral Interactive
1718,Borealys Games
1719,Glob Games Studio
1720,Team Junkfish
1721,Lienzo
1722,Bromio
1723,Double Damage Games
1724,Diplodocus Games
1725,Dead Unicorn
1726,GSC Game World
1727,YCJY
1728,Paranoid Productions
1729,yeo
1730,Thunderful Publishing AB
1731,Skydance Interactive
1732,PlatinumGames
1733,VIZ Media
1734,aeiowu
1735,Smartly Dressed Games
1736,"Disney Electronic Content, Inc."
1737,Software Country
1738,Asmodee Digital
1739,Ripstone
1740,Three Flip Studios
1741,Space Plunge
1742,Oculus Story Studio
1743,Silver Star Japan
1744,Spicy Tails
1745,BNC Design Studios
1746,Immersive VR Education Ltd.
1747,Midway
1748,Warner Bros.
1749,Silver Dollar Games
1750,Delightworks
1751,Bottom Up
1752,PF.Magic
1753,Mandigo
1754,Ertain
1755,Namco Networks America Inc.
1756,Nexon America
1757,Treco
1758,Kaga Tech
1759,Eighting
1760,Kaasa Solution
1761,Studio 3
1762,IPC Software
1763,WHA Entertainment
1764,Virtual Air Guitar Company
1765,Sun Amusement
1766,Diversions Entertainment
1767,LG
1768,Ghostfire Games
1769,Extreme Entertainment Group
1770,Philips Media France
1771,Saurus
1772,BMG Interactive Entertainment
1773,Varie
1774,Nabi Studios
1775,Ma-Ba
1776,Amaginz
1777,TEN
1778,GameBank
1779,Zoom
1780,Sirlin Games
1781,Smilegate West
1782,"Komi Games, Inc"
1783,nWay
1784,Blam! Games LLC
1785,Landfall Games
1786,Household Games
1787,"Infocom, Inc."
1788,Sierra Studios
1789,Falcom
1790,Bossa Studios
1791,Invisible Handlebar
1792,Abbey Games
1793,Positech Games
1794,BetaDwarf
1795,DECK13 Interactive GmbH
1796,Facepalm Games
1797,Shiro Games
1798,Hemisphere Games
1799,E-Line Media
1800,Fabio Ricci
1801,Polytron Corporation
1802,Vlambeer
1803,Zono Incorporated
1804,Gaijin Entertainment
1805,Sydney Development Corporation
1806,Snowbird Games
1807,Over The Top Games
1808,Zoo Games silver
1809,Dejobaan Games
1810,DarkGod
1811,Acid Wizard Studio
1812,Refract Studios
1813,Endless Fluff Games
1814,Bandai Visual
1815,indiePub
1816,Jackbox Games
1817,Zachtronics Industries
1818,Nickervision Studios
1819,LAN - GAMES EOOD
1820,BudgeCo
1821,Gebelli Software
1822,8Floor
1823,Spark Plug Games
1824,MY.COM
1825,Gipnetix Games
1826,FPS
1827,G5 Entertainment
1828,SelectSoft
1829,Tasuke
1830,QubicGames
1831,"Days Of Wonder, Inc."
1832,Software Toolworks
1833,Cypronia
1834,GAE
1835,Comolink
1836,Cosmigo
1837,Game Circus LLC
1838,LOTUM GmbH
1839,Fruitella Games
1840,AGENIUS Interactive
1841,Altron
1842,cerasus.media
1843,Cinemax
1844,Zaxis Games
1845,bom667
1846,G5 Software
1847,gamesbymo
1848,8bits fanatics
1849,Total Eclipse
1850,Com2uS
1851,Digital Media Lab
1852,Vertigo Games
1853,"Rideon Japan, Inc."
1854,Supersolid Ltd
1855,Yudo
1856,Iron Tower Studio
1857,ECRUSH DI DI NATALE SALVATORE
1858,Silent Software Inc.
1859,Triumph Studios
1860,evoline srl
1861,Soft Bank
1862,i4
1863,"VOOZ CO.,LTD"
1864,TRADEGAME Lab Inc.
1865,Haruneko
1866,Himalaya Studios
1867,Doublesix
1868,Greenwood Entertainment Software GmbH
1869,Interplay Entertainment Corp.
1870,Krisalis
1871,COCOSOLA Inc.
1872,Sabarasa Entertainment
1873,Yuke's Osaka
1874,SlinDev
1875,GameForge
1876,Metro3D
1877,Pai
1878,Fuzzy Wuzzy Games
1879,G.rev Ltd.
1880,Signal Studios
1881,Shingakusha
1882,Gakushuu Kenkyuusha
1883,Witch Beam Games
1884,PomPom Games
1885,Tangram3D
1886,NDoors Interactive
1887,Social Quantum
1888,Quantum Sheep
1889,T3 Entertainment
1890,Gremlin Graphics
1891,Eutechnyx
1892,Midnight Magic Games
1893,Amaranth Games
1894,Ronimo Games
1895,Zynga
1896,Team Colorblind
1897,Fiendish Games
1898,VooFoo Studios
1899,TeamLava
1900,Astec 21
1901,Yoshimoto Kogyo
1902,Libii Tech Limited
1903,flaregames
1904,Arachnid Games
1905,Mobigame SARL
1906,PennyPop
1907,DYNAMICNEXT
1908,Nippon Data Works
1909,Left Field Productions
1910,Game Hive Corp.
1911,Mika Mobile
1912,Kumobius
1913,Oberon Media
1914,Cloud Imperium Games Corporation
1915,Kokuyo
1916,Serene
1917,Sega Falcom
1918,Vivid Interactive
1919,Studio Fawn
1920,Skyworks Interactive
1921,Interceptor Entertainment
1922,Gogii Games
1923,Aeria Games & Entertainment
1924,gumi Inc.
1925,Monolith
1926,Revolution
1927,Wizards Time LLC
1928,King.com
1929,Sigma Game Limited
1930,Silver Style
1931,Gaps
1932,Williams
1933,LEANDRO PIM
1934,Playtika LTD
1935,Freyr Games
1936,Star Cave Studios
1937,City State Entertainment
1938,Teku Studios
1939,Quaker Oats
1940,En Masse Entertainment
1941,Avex
1942,Cie Games
1943,Miniclip.com
1944,IGG.com
1945,WaveDNA
1946,CyberPlanet Interactive
1947,AMA Studios
1948,Quikding
1949,Educational Network
1950,Silverball
1951,"Quark Games, Inc."
1952,Broken Rules
1953,dreamfab
1954,Discord Games
1955,tono / Ctrl+k
1956,osao
1957,Griptonite Studio
1958,Csharks Games & Solutions Pvt Ltd
1959,Mechanist Games
1960,Logic Artists
1961,Q Entertainment/UserJoy Technology
1962,Gizmondo Studios
1963,DPFLASHES STUDIOS
1964,"Game Insight, LLC"
1965,Candy Games
1966,Hypnos
1967,Phoenix Online Studios
1968,Namco Tales Studio / Wolfteam
1969,Battlefront.com
1970,"International Games System Co., Ltd"
1971,Humansoft
1972,Compulsion Games
1973,Riverhill Soft
1974,SGN
1975,ootii
1976,GOAT Store Publishing
1977,DifferenceGames
1978,Intellivision Productions
1979,Kerem San
1980,Game Atelier
1981,hiive
1982,JoWood
1983,Amaze Entertainment / Griptonite Games
1984,Cyber Planet
1985,Point of View
1986,Starplay
1987,GameHouse
1988,NaturalMotion
1989,ZeptoLab
1990,Hori
1991,Jester Interactive
1992,Mycom
1993,Burian Media Enterprises
1994,Anansi Studios
1995,Aventurine SA
1996,Zombie Studios
1997,PlayFlock
1998,MADFINGER Games
1999,thechineseroom
2000,"Apogee Software, Ltd."
2001,GottaPlay Ltd
2002,Monster and Monster
2003,Artem Karakozov
2004,Isao
2005,The Quinnspiracy
2006,wooga
2007,Powerhead Games
2008,Grandslam
2009,Joymax
2010,Kaze
2011,Oxygen Games
2012,"Playdom, Inc."
2013,Oddworld Inhabitans
2014,Pentavision Entertainment
2015,XPEC Entertainment
2016,Gripati Digital Entertainment
2017,Syntetic Dreams
2018,HeartBit Interactive
2019,Beyond Software
2020,Dorasu
2021,Double Down Interactive
2022,Rockstar Leeds/North
2023,The Codemasters Software Company Limited
2024,Inlogic Software
2025,The Muteki Corporation
2026,"Thunderstorm Entertainment Inc.,"
2027,Kabam
2028,Backflip Studios
2029,OMGPOP
2030,First Touch
2031,Soldak Entertainment
2032,JTB West
2033,Mura Interactive
2034,Digital Tales
2035,A&E Television Networks Mobile
2036,Yamago
2037,Metro Trains Melbourne
2038,Substantial Inc.
2039,OnLine Studio Productions LLC
2040,Nix Hydra Games
2041,Keynet
2042,Slang
2043,Capcom / Mitchell Corporation
2044,RntsMedia
2045,Firebird
2046,Frontier Developments Inc.
2047,Ember Entertainment
2048,Goodgame Studios
2049,Ubisoft Shanghai
2050,Episode Interactive
2051,Gabriele Pellistri
2052,Intense
2053,Roofdog Games
2054,Fingersoft
2055,Mass Threat
2056,Gammick Entertainment
2057,Rich Olson
2058,Icon Games
2059,"TinyCo, Inc."
2060,Michael Bowen
2061,Green Lava Studios
2062,Glitch Games
2063,ICS
2064,Ichikawa
2065,Polytron
2066,Bass Professor
2067,"Bit By Bit Studios, LLC"
2068,Codemasters Online
2069,Go Games Limited
2070,infinity pocket
2071,Firemint
2072,Engine Software
2073,Code 4 Development LLC
2074,Triniti Interactive
2075,Sigma Ent. Inc.
2076,AppXplore Sdn Bhd
2077,Smosh LLC
2078,Photon Productions
2079,Endgame Studios
2080,Humongous Entertainment.
2081,Cerasus Media
2082,Red Robot Labs Inc.
2083,Press Play
2084,Mode 7
2085,Double Eleven
2086,Liminal Games
2087,South East Games
2088,Gunho Online Entertainment
2089,ASNetworks
2090,Shin'en Multimedia
2091,CJ Internet Corp.
2092,Ubiquitous Media Corp.
2093,Tap4Fun
2094,Nagase Brothers
2095,Greenheart Games
2096,ibrahim kocaalioglu
2097,Vasili Tryndyk
2098,Robert Topala
2099,Creat Studios
2100,Farm 51
2101,Decode Entertainment Inc.
2102,"Emotion, Inc."
2103,Matt White
2104,Elite
2105,Oracion
2106,UFO Interactive Games
2107,GlobZ
2108,EASY Inc.
2109,Swift Apps
2110,22Cans
2111,"Rogue Play, Inc."
2112,Playdemic
2113,Youda Games
2114,Independent
2115,2K Australia / 2K Boston
2116,Smudged Cat Games
2117,Robinson Technologies
2118,Defiant Development
2119,"Conversion, LLC"
2120,RucKyGAMES
2121,Muse Games
2122,Modern Media Ventures
2123,Infogrammes Studios
2124,Atari Games(Midway)
2125,ITL
2126,"Activision Publishing, Inc."
2127,Crowdstar Inc
2128,Godzilab
2129,Orangenose Studios
2130,Silver Creek Entertainment
2131,HB Studios Multimedia
2132,Amtechs
2133,Telenet Japan
2134,"Fincon Co., Ltd."
2135,Mizuki
2136,BiP Media
2137,Gamesys
2138,Panic Art Studios
2139,Transolar Games
2140,"WeMade Entertainment CO., LTD"
2141,Cryptozoic Entertainment
2142,99Games Online Private Limited
2143,Kero Makura
2144,Alientrap Games Inc
2145,JuiceBox Games
2146,Hacker International
2147,Reliance Big Entertainment UK Private Ltd
2148,Future Games of London
2149,Aexol
2150,Exkee
2151,Games for Friends
2152,Alegrium
2153,Vise
2154,Epyx
2155,NEW WORLD
2156,Homegrown Games
2157,Miel
2158,Eduardas Klenauskis
2159,Ludosity AB
2160,Sabi Games
2161,Full Control Studios
2162,Jaguar
2163,SCEA
2164,Plato
2165,PomPom
2166,Big Ant Studios
2167,Culture Publishers
2168,Iota
2169,MaxBet
2170,Appetite
2171,Playful Entertainment
2172,Mobo Studio
2173,HI Games & Publishing
2174,Kosaido
2175,Mirrorsoft
2176,Warhorse Studios
2177,Chronic Logic
2178,Ironhide Game Studio
2179,Sparkle Apps
2180,Gamevil
2181,Carnivore Studio
2182,Home Media
2183,Realtech VR
2184,Pi Arts
2185,Lilith
2186,Infogrames Melbourne
2187,r2 game
2188,Rake in Grass
2189,Dreamatrix
2190,The LEGO Group
2191,1337 Game Design
2192,Silver Fox Media
2193,iFree Studio Limited
2194,Punchline / Shirogumi
2195,MediaQuest
2196,Eagle Capital LLC.
2197,SmashGames
2198,"BitMonster, Inc."
2199,SUMS Online Ltd
2200,CodProd
2201,BeiZ Ltd.
2202,Curve Studios
2203,KLab Global Pte. Ltd.
2204,Binary Takeover LLC
2205,Q Entertainment
2206,O2 Games
2207,BombDog
2208,FairPlay Media Limited
2209,Turborilla
2210,Toco Games
2211,Channel 4 Television Corporation
2212,Wizards of the Coast
2213,Morgopolis Studios
2214,Wicked Loot
2215,Chat Noir
2216,PICK Technology Limited
2217,Nekki
2218,"Space Inch, LLC"
2219,Little Worlds Studio
2220,Tokyo Electron
2221,Media5
2222,Gazillion Entertainment
2223,Planetwide Games
2224,Eversim
2225,Neon Surge
2226,SCE Studio San Diego
2227,Infinite Game Publishing
2228,Supersonic
2229,"ENTERBRAIN,INC."
2230,Copenhagen Creators
2231,Ratloop Asia Pte Ltd
2232,99Games
2233,Mateen Pekan
2234,Antinos Records
2235,Pinkerton Road
2236,Intelligent Design
2237,Pocketwatch Games
2238,Henchmen Studios
2239,Nowhere Studios
2240,Europa-Apps
2241,Health Pack Games Inc.
2242,Naquatic LLC
2243,Random House
2244,Yuki
2245,iCOOLgeeks
2246,"GAMEVIL USA, Inc."
2247,Fingerlab
2248,Random Games Inc.
2249,SevenOne Intermedia GmbH
2250,Meridian 4
2251,Unity Games
2252,Tapps Tecnologia da Informao Ltda.
2253,Ringzero Game Studio
2254,Saddleback
2255,Out Fit 7 Ltd.
2256,Digi-chain Games
2257,BudCat Games
2258,Shanblue Interactive
2259,Daikoku
2260,Joseph Rothenberg
2261,GoGo-Robot
2262,1st Playable
2263,duangle
2264,Waka Mfg
2265,Multisoft
2266,online in4mation GmbH
2267,Pix Arts
2268,Pin Change
2269,Liar Soft
2270,Polynetix Studio
2271,Wolfteam / Namco Tales Studio
2272,Robot Entertainment
2273,Nikita
2274,"responDESIGN, Inc."
2275,"Rocket Studio, Inc."
2276,Kawada
2277,HES Interactive
2278,Trendverlag
2279,Out of the Park Developments
2280,Produce!
2281,Telenet
2282,Ayopa Games LLC
2283,softhouse-seal
2284,Panesian
2285,Sunny Tam
2286,SCEE
2287,Maestro Interactive Games
2288,Schell Games
2289,EFUN COMPANY LIMITED
2290,Meister Hero
2291,NHN corp.
2292,Jupiter Corporation
2293,Ultra Runaway Games
2294,Digital Worldwide
2295,Cowboy Rodeo
2296,Phosphor Games
2297,Kristanix Games
2298,Line One Games
2299,Cooking Mama Ltd.
2300,Nano Games
2301,XperimentalZ Games
2302,Cancer Research UK
2303,Mere Mortals
2304,"Pocket Direct, L.L.C."
2305,"Sirqul, Inc."
2306,Liquid Games
2307,3 Sprockets
2308,JV Games Inc.
2309,Chillingo Ltd
2310,"RealNetworks, Inc"
2311,Santa Entertainment
2312,Nival Interactive
2313,NineLives
2314,Silver Dollar Games 2
2315,Sada Soft
2316,Vtree Entertainment
2317,Slightly Mad Studios
2318,The Indie Stone
2319,Andamiro U.S.A. Corp.
2320,Studio9
2321,Buka Enterteinment
2322,The Voxel Agents
2323,Pinpin Team
2324,Masaya
2325,Fallen Tree Games
2326,MinMax Games Ltd.
2327,Intermarum
2328,NEOCYON
2329,Polarbit
2330,BeLight Software
2331,EastAsiaSoft
2332,Vivid Games
2333,Hexage.net
2334,PlanetG
2335,Active Data Online Pty Ltd
2336,Yanim Studio
2337,HuCast
2338,Secret Exit Ltd.
2339,"MobCrete, Inc."
2340,TransGaming
2341,Shaun Inman
2342,SoftEgg Enterprises
2343,Odenis Studio
2344,InnoGames
2345,Spry Fox
2346,Wanadoo Edition
2347,Lucid Games
2348,Fun
2349,Akatsuki Works
2350,Games Factory Online
2351,Two Tribes
2352,Space Ape Games
2353,Ubisoft Romania
2354,Waka Interactive Entertainment
2355,Smack Down Productions
2356,HeroCraft
2357,Screenlife
2358,Dakko Dakko
2359,Switchblade Monkeys
2360,Magnolia
2361,ISP
2362,Tohoku Shinsha
2363,"Zeichenkraftwerk Jeutter, Schaller, Staeger GbR"
2364,Harebrained Schemes
2365,TBA
2366,Execution Labs
2367,"Index Digital Media, Inc."
2368,Home Data
2369,Devilish Developments
2370,Midway Studios  Austin
2371,Jason Rohrer
2372,Spike Co.
2373,"COLOPL, Inc."
2374,CERVO MEDIA GMBH
2375,Playmore Corporation
2376,TOPGAME
2377,Dorat
2378,Mediocre AB
2379,Hi-Rez Studios
2380,"Beeline Interactive, Inc."
2381,games2be GmbH
2382,Hachikou Shouji
2383,Epic Pixel
2384,2K Boston
2385,GameOn
2386,Game Freak
2387,Polygram Magic of Japan
2388,Disastercake
2389,Fenix Fire
2390,one2tribe Sp. z o.o.
2391,Ayyo Games
2392,Mark Smith
2393,Midway Studios San Diego
2394,EA Mobile
2395,Animoca
2396,Gaslamp Games
2397,"Williams Electronic Games, Inc."
2398,NASA
2399,inkle
2400,Zoink Games
2401,DAN-BALL
2402,Tencent Games
2403,SIMS Co.
2404,Glu Games
2405,Ragequit Corporation
2406,Artworx Software Company
2407,Kiloo Games
2408,BiCore
2409,Skyjoy Interactive
2410,XGen Studios
2411,Eclipse Entertainment
2412,Minor Key Games
2413,Advanced Studio LLC
2414,BattleGoat Studios
2415,Way Forward
2416,Atomicom
2417,Fargoal
2418,Little Chicken Game Company
2419,Probe Entertainment Ltd.
2420,Cateia Games
2421,Imagineering
2422,Goodbye Galaxy Games
2423,Dingo Inc.
2424,"Imangi Studios, LLC"
2425,Nyamyam
2426,Hudson Soft / West One
2427,Wahoo Studios
2428,Bitmap Brothers
2429,ORiGO Games
2430,Sandswept Studios
2431,Auren Snyder
2432,Rainbow Arts
2433,Aqua Rouge
2434,3A Studios
2435,"Funtactix, Inc"
2436,Brighter Minds Media
2437,Worlds Apart
2438,FarSight Studios
2439,Isayonline Services
2440,Bally Midway
2441,Mousechief
2442,Societa Daikanyama
2443,The Working Parts
2444,Direct Solutions
2445,Sirvo LLC
2446,Progrestar
2447,MilkCap
2448,AppyNation Ltd.
2449,One Man Left
2450,"Reactor, Inc."
2451,Fat Fish Games
2452,Capcom Production Studio 1
2453,Kirihara Shoten
2454,Azerbo
2455,Ars System Works
2456,Daiwon C&A
2457,Irrational Games / Looking Glass Studios
2458,Soner Kara
2459,Pixel Federation
2460,N3V Games Pty Ltd
2461,Deemedya M.S. Ltd.
2462,RedLynx
2463,Saturnine Games
2464,Ascaron Entertainment GmbH
2465,Rocket Science
2466,"Playdek, Inc."
2467,High Voltage Software
2468,thesetales
2469,Map Japan
2470,Simpy Entertainment
2471,Kaixin Network Technology Co. Ltd - loftygame
2472,Tencent Technology(Shenzhen) Company Limited
2473,Red-Spell
2474,Penguin Australia
2475,Virtual Programming Ltd
2476,Psygnosis / Reflections Interactive
2477,Matthew Brown
2478,WhiteBigRabbit
2479,Hands On Mobile
2480,Legendary Games
2481,KAZe Co.
2482,Blitz Game Studios
2483,"Section Studios, Inc."
2484,Akaoni Studio
2485,Massive Black Inc
2486,Mobigame
2487,Misfits Attic
2488,Giant Form Entertainment
2489,RandomSpin
2490,United Soft Media
2491,Fox Dawn
2492,Neowiz Entertainment
2493,Markanime Studios
2494,@unepic_fran
2495,Sergej110
2496,KNP
2497,Hulu
2498,Edmark
2499,DIGITAL MISTAKE
2500,Takara Tomy ARTS
2501,Neos
2502,Roblox Corporation
2503,Dream Reactor
2504,Activision Blizzard
2505,Kakao Games
2506,Black Eye Games
2507,Miniclip SA
2508,Jarbit
2509,Pearl Abyss
2510,Neowiz Corporation
2511,Rockfish Games
2512,Donkey Crew
2513,Amazon Game Studios
2514,AIGRIND
2515,Beat Games
2516,MacPlay
2517,Brace Yourself Games
2518,Berzerk Studio
2519,RNOVA Studio
2520,Drool
2521,Berkeley Systems
2522,Oasis Games Ltd.
2523,Cranky Watermelon
2524,Undercoders
2525,SMG Studio
2526,ForwardXP
2527,Hypersect
2528,M2H
2529,Mad Mimic
2530,"Smiling Buddha Games, LLC."
2531,Re-Logic
2532,Hitbox Team
2533,Trapdoor
2534,Number None
2535,Gears for Breakfast
2536,"Mossmouth, LLC"
2537,Terry Cavanagh
2538,HumaNature Studios
2539,Image & Form Games
2540,GR3 Project
2541,Glaiel Games
2542,GarageGames
2543,Carlsen Games
2544,Haydee Interactive
2545,team BitClub
2546,Icy Studios
2547,Sluggerfly
2548,AwesomeBlade
2549,Metanet Software Inc.
2550,Team Indev
2551,ZackBellGames
2552,Batterystaple Games
2553,Giorgi Abelashvili
2554,Retro Affect
2555,Extend Studio
2556,Synnergy Circle Games
2557,K Bros Games
2558,Missing Link Games
2559,Ondrej Angelovic
2560,Tandy Corporation
2561,NDS Software
2562,NinjaBee
2563,Salio
2564,Duaik Entretenimento
2565,Beam Software
2566,Battlebard Games
2567,Qwiboo
2568,Big Five Software
2569,ComputerEasy
2570,Bunch Games
2571,Binary Tweed
2572,SoftDisk Publishing
2573,Zaratustra Productions
2574,Chaos89
2575,SuperVillain Studios
2576,Williams Electronics
2577,Dobermann
2578,Dan Da Rocha
2579,Seaven Studio
2580,"Shadowsoft, Inc."
2581,Factor 5
2582,rdein
2583,Moonpod
2584,Red Fly Studio
2585,Playstos Entertainment
2586,TecMagik
2587,Allied Kingdoms
2588,Sigma
2589,nifflas
2590,American Softworks
2591,Copysoft
2592,Expert
2593,Tozai Games
2594,Arcadia Corporation
2595,2DArray
2596,Sound Source
2597,Boolat Games
2598,Keypunch
2599,Action Button Entertainment LLC
2600,"Mentrix Software, Inc."
2601,High Horse Entertainment
2602,Petite Games
2603,Pixel Lantern
2604,Ant Workshop Ltd
2605,7Levels
2606,Fabraz
2607,PlayEveryWare Games
2608,Creative Bytes Studios
2609,Traxmaster Software
2610,Perfect World
2611,Four Horses
2612,Bishop Games
2613,Arcade Distillery
2614,Atooi
2615,Burgos Games
2616,Playful
2617,DevNAri
2618,iam8bit
2619,FIVE12 GAMES
2620,Harmonious Games
2621,Long Neck Games
2622,Luckshot Games
2623,Flazm
2624,Muro Studios
2625,Coatsink Software
2626,Sinister Cyclops
2627,Poppy Works
2628,Undergames
2629,DigiPen Game Studios
2630,Francis Cota
2631,Snikkabo AS
2632,COWCAT
2633,The Tetris Company
2634,Ustwo Games
2635,Joey Drew Studios Inc.
2636,Invent4 Entertainment
2637,Lazy 8 Studios
2638,Out of crumpét's:
2639,Zodiac Interactive
2640,EightyEightGames
2641,Anatoliy Loginovskikh
2642,ThinkOfGames
2643,Digital Tentacle
2644,Cipher Prime
2645,Seragam
2646,Dymchick1
2647,Rainbow Games
2648,Jetdogs Studios
2649,Lupus Studios Limited
2650,OneBigGame
2651,Rock Path Collective
2652,Blender Games
2653,Miles Computing
2654,Playrix Entertainment
2655,Myth People
2656,Salu
2657,Acute Entertainment
2658,Arcade Lab
2659,Mad Monkey Studio
2660,Sudden Games
2661,MegaCyber
2662,Dai Nippon Printing
2663,MACHINE Studios LLC
2664,Vector 2 Games
2665,MGame
2666,Giant Media Group
2667,Logic
2668,Clef Inventor
2669,Triffix
2670,AWEM Studio
2671,Kloonigames
2672,Caravel Games
2673,Electron Jump Games
2674,NAC Geographic Products Inc.
2675,DK Games
2676,Good-feel Co. Ltd.
2677,Xform
2678,IBA Group
2679,Through Games
2680,Connect2Media
2681,Caramel Pot
2682,Stolen Couch Games
2683,MSN Games
2684,Sky Think Systems
2685,Dice Multimedia
2686,Williams Entertainment Inc.
2687,Anarchy Enterprises
2688,WildTangent
2689,Riverman Media
2690,Classified Games
2691,Swing! Entertainment
2692,Yullaby
2693,Ponos
2694,DHM Interactive
2695,Digital Dreams
2696,Apparition Games
2697,Datt Japan
2698,Assoria
2699,Game Grinder
2700,Akinai Games
2701,Cobra Mobile
2702,Toasty Games
2703,uClick
2704,Sanritsu Denki
2705,TBS
2706,Lucasfilm Games
2707,Deco Digital
2708,Abstraction Games
2709,Event Horizon Software
2710,Korner Entertainment
2711,Farmind
2712,Pieces Interactive
2713,NTVIC
2714,XYPE
2715,Blendo Games
2716,Gamerizon
2717,Deep Fried Entertainment
2718,Zallag
2719,Karuchua
2720,Kotobuki Systems
2721,Draknek
2722,CBS / Sony
2723,Virtual Toys
2724,4Pockets.com
2725,RealNetworks
2726,Vanguard
2727,Tetris Online
2728,ProjeX
2729,TNN
2730,Grip Games
2731,Candystand
2732,Impressions Games
2733,RedSpot Games
2734,2D Boy
2735,ZeNfA Productions
2736,Kokakiki
2737,"oeFun, Inc."
2738,Yanoman
2739,Yak & Co
2740,West Coast Software
2741,Cosen
2742,Evgeniy Kolpakov
2743,Awesome Games Studio
2744,Ivan Zanotti's MyMadness Works
2745,Steel Crate Games
2746,flow
2747,Enhance
2748,William Chyr Studio
2749,Perfect Hat
2750,StickyStoneStudio
2751,Oink Games
2752,9 Eyes Game Studio
2753,Atarisoft
2754,Studio F-Sharp
2755,Score Studios
2756,adamgryu
2757,D3Go
2758,liica inc.
2759,Trapped Nerve Games
2760,Toxic Games
2761,Desk Works
2762,Vivid Helix
2763,Just1337 Publisher
2764,Ant Workshop
2765,Pillow Castle
2766,Lozange Lab
2767,Pixelsplit
2768,The Quantum Astrophysicists Guild
2769,Skookum Arts
2770,WeirdBeard
2771,FinalBoss Games
2772,Isbit Games
2773,Punk Notion
2774,Kunos Simulazioni
2775,Papyrus
2776,Real Dynamics
2777,Funselektor Labs Inc.
2778,Neognosis
2779,2XL Games
2780,Davilex
2781,GMI
2782,ICD
2783,Zordix AB
2784,Magic Bytes
2785,Vector Unit
2786,Shangri-La
2787,Invex
2788,Psychic Software
2789,Tantalus Interactive
2790,][ Games
2791,Xendex
2792,Vitrex Multimedia
2793,Polyphony Digital
2794,Bullfrog Productions
2795,Element 5
2796,Joju Games
2797,Jose Varela
2798,Agenda
2799,On Deck Interactive
2800,Medioza
2801,Seismic
2802,XWego
2803,Scavenger
2804,Team6
2805,Creative Dimension
2806,Gateway Interactive
2807,NetherRealm Studios / Other Ocean Interactive
2808,D2C Games
2809,California Dreams
2810,New Star Games
2811,Climax Entertainment
2812,Wiering Software
2813,SPIL GAMES
2814,Popcorn Arcade
2815,Virtual Racing Industries Ltd.
2816,Nimblebit
2817,EXOR Studios
2818,Real Vision
2819,AOL
2820,Three Fields Entertainment
2821,illuCalab
2822,AQUIRIS
2823,ArtVostok
2824,Motorsport Games
2825,Tammeka Games
2826,Tate Multimedia
2827,Nacon
2828,CD Projekt
2829,Pocketpair
2830,Crate Entertainment
2831,Mintrocket
2832,Black Isle Studios
2833,Beamdog
2834,ConchShip Games
2835,Automated Simulations
2836,EQ Games
2837,Sabotage Studio
2838,Behold Studios
2839,Sunight Games
2840,Lasta Dan Publisher
2841,Overhype Studios
2842,Digerati Distribution
2843,Blackfire Games
2844,Lonely Troops
2845,Priority Interrupt
2846,Cats Who Play
2847,Matt Roszak
2848,QCF Design
2849,WAX Publishing
2850,Spiderweb Software
2851,Butterscotch Shenanigans
2852,DoubleBear Productions
2853,Winged Cloud
2854,Indimo Labs LLC
2855,California Pacific
2856,Ossian Studios
2857,"Lost Decade Games, LLC"
2858,JC Research
2859,Blue Byte
2860,IGG
2861,Aki Corp.
2862,Fishtank Interactive
2863,Webzen
2864,Super Fighter Team
2865,Shibuya Interactive
2866,Zeboyd Games
2867,Snowbird Game Studios
2868,Gollop Games
2869,TQ Digital Entertainment
2870,"Gala-Net, Inc."
2871,E-Games
2872,Sinxsoft
2873,Kasedo Games
2874,R2Games
2875,Picroma
2876,Soft Office
2877,Mythic Entertainment
2878,EPS/Electronic Zoo
2879,"Strategic Simulations, Inc"
2880,Dreadlocks Ltd
2881,Gravity Corporation
2882,Tenco
2883,WaterMelon
2884,CCP
2885,Ivolgamus
2886,Outspark
2887,Vector Unit Studios
2888,Kure
2889,Abandon Interactive Entertainment
2890,Mubik
2891,Gianty
2892,Akella
2893,Winged Pixel Inc.
2894,Shinbyou Planning
2895,tri-Ace
2896,Michal Brzozowski
2897,gamigo
2898,K2 Network
2899,Alphastar
2900,Happy Mage
2901,SoftMax
2902,Epiphany Games
2903,DarkElite
2904,Taleworlds
2905,Atlus Online
2906,"CyberStep Communications, Inc."
2907,Yojigen
2908,Sara International
2909,Khabal Gaming
2910,Hanakai Studio
2911,Ancient
2912,Carpe Fulgur
2913,Frogster Interactive
2914,Oddy Arts
2915,Independent Arts Software
2916,Wicked Interactive
2917,Jujubee S.A.
2918,"2XL Games, Inc."
2919,Ugamehome
2920,Mistwalker
2921,Pyrodactyl
2922,Genius Sonority Inc.
2923,White Owls
2924,Quantum Quality
2925,Weird and Wry
2926,Ackkstudios
2927,Wander MMO
2928,KingIsle Entertainment
2929,Intec
2930,ArcaneRaise
2931,Inside System
2932,Square-Enix
2933,Limited Run Games
2934,Petoons Studio
2935,Daniel Wright
2936,Phoenix Labs
2937,ZA/UM
2938,Toydea Inc.
2939,Tuque Games
2940,JFI Games
2941,Snowcastle Games
2942,Dinamic Multimedia
2943,1C Entertainment
2944,Anshar Studios
2945,Monkey Stories Games
2946,Crystal Shard
2947,Hypixel Studios
2948,Forge Reply
2949,2ndDimensionGhost
2950,Onion Games
2951,Playstack
2952,KITATUS
2953,Grinding Gear Games
2954,Overhaul Games
2955,Niantic
2956,Upfall Studios
2957,Chandler Rounsley
2958,Nightdive Studios
2959,Impact Gameworks
2960,Panoramik Inc.
2961,CooCooSqueaky
2962,Regista
2963,CCCP
2964,Fatbot Games
2965,E-Home Entertainment
2966,PUBG Corporation
2967,Daybreak Games
2968,FormGen
2969,Offworld Industries
2970,Mad Dog Games
2971,SUPERHOT Team
2972,Cold Beam Games
2973,Modulaatio Games
2974,JForce Games
2975,Ripcord Games
2976,Trickjump Games Ltd
2977,Pub Games
2978,Terrible Posture Games LLC
2979,ANPA.US
2980,Treasure
2981,StarSystemStudios
2982,Reverb Triple XP
2983,Brogames
2984,Kazakov Oleg
2985,Axyos Games
2986,Sorath
2987,Cadenza Interactive
2988,Natsume Atari
2989,The Farm 51
2990,New Blood Interactive
2991,Sirius Software
2992,Adventure International
2993,Aroma
2994,Techiku
2995,CSK Research Institute
2996,Santos
2997,Kyugo Boueki
2998,U.S. Army
2999,Big Fun Games
3000,Matrix Games
3001,Performance Designed Products
3002,Novaleaf Game Studios
3003,Coresoft
3004,Headless Wizard
3005,Incredible Technologies
3006,Megamedia
3007,Zamuse
3008,Onion News Network
3009,ZoopTEK
3010,Grendel Games
3011,NDA Productions
3012,SPS
3013,Art Data Interactive
3014,IncaGold
3015,Realtec
3016,Soft Vision International
3017,Omega
3018,Queasy Games
3019,Mommy's Best Games
3020,Head Games
3021,Red 5 Studio
3022,Sakari Indie
3023,The Game Creators
3024,Bizarre Creations
3025,eFusion MMOG GmbH
3026,Llamasoft
3027,Platine Dispositif
3028,"American Laser Games, Inc"
3029,DAVLevels
3030,Tony Sergi
3031,Black Widow Games
3032,Twilight Frontier
3033,HappySoft
3034,ThompsonSoft
3035,VD-dev
3036,Zellers
3037,Edge of Reality
3038,Playbrains
3039,Bungie Software
3040,Ving
3041,Electronic Visual Elements
3042,Uber Entertainment
3043,DiezelPower
3044,Wiz Technology
3045,Nexuiz Team
3046,Fabtek
3047,Acer
3048,Anaconda
3049,Naked Sky Entertainment
3050,Shadowsoft
3051,While
3052,Futuremark Games Studio
3053,CrunchTime Games
3054,Infinite Dreams Inc.
3055,Calaris
3056,FireSky
3057,JAVELIN OÜ
3058,MOBIRIX
3059,BigBrik Games
3060,Boll AG
3061,WXP / Screenlife Games
3062,M2 Studios
3063,Chair Entertainment
3064,Play Ten Interactive
3065,Value Works
3066,PhobosLab
3067,Psikyo
3068,CrystalVision
3069,aPriori Digital
3070,Deep River Publishing
3071,Panic Button
3072,Secret Location
3073,Motion Picture Corporation of America Interactive
3074,Awe Interactive
3075,FYQD Personal Studio
3076,InterAction studios
3077,Pixel Maniacs
3078,IGGYMOB
3079,TwistedRed
3080,Lightbulb Crew
3081,"Intragames Co.,Ltd."
3082,Digital Cybercherries
3083,CremaGames
3084,Armor Games
3085,Ghost Story Games
3086,R.G.B. SRL
3087,Housemarque
3088,SGTTB_Studios
3089,Running with Scissors
3090,MD Games
3091,Plaion
3092,Starbreeze
3093,VOID Interactive
3094,nuGAME
3095,kFunction Ltd
3096,Systemic Reaction
3097,Multiverse
3098,Velocity Inc.
3099,Looking Glass Technologies
3100,"Night Dive Studios, LLC"
3101,QUByte Interactive
3102,ConcernedApe
3103,Monomi Park
3104,Hinterland Studio Inc.
3105,Keen Software House
3106,Sunflowers
3107,Berserk Games
3108,Newnight
3109,Mattel Media
3110,Expert Software
3111,Acornsoft
3112,Pine Studio
3113,Vertigo Gaming Inc.
3114,HeadGames Publishing
3115,Cherry Pop Games
3116,CharlieH
3117,The Irregular Corporation
3118,YuPlay
3119,ArtwareGames
3120,Hovgaard Games
3121,RLR Training Inc
3122,Maschinen-Mensch
3123,Vivid Games S.A.
3124,Kyle Seeley
3125,Iceflake Studios
3126,Endless Loop Studios
3127,Biart Design Studio
3128,LVGameDev LLC
3129,Those Awesome Guys
3130,Parsoft Interactive
3131,Sublogic
3132,Bluestone Interactive
3133,Ambition
3134,Open Book 9003
3135,Frontier Groove
3136,"Incandescent Core, LLC"
3137,Increment-P
3138,HipSoft
3139,Software 2000
3140,Kairosoft Co. Ltd
3141,Fusion Labs
3142,Celsius Game Studios
3143,Ambrosia
3144,Travian Games GmbH
3145,Stockpile Studio
3146,Fugitive Games
3147,Realore Studios
3148,Bimboosoft
3149,Honeyslug
3150,"Kairosoft Co.,Ltd"
3151,T&S
3152,WorkJam
3153,Lapland Studio
3154,"JAST Co., Ltd."
3155,Aries Online
3156,Hoget
3157,Anozor SARL
3158,Mad Data
3159,Cyber Planet Interactive
3160,Jinx
3161,Strategic Studies Group
3162,Hobbico
3163,Kando Games
3164,astragon Software GmbH
3165,GamesCafe
3166,Timbre Interactive
3167,Magic Pockets
3168,SharRock
3169,Ascon Software
3170,Digital Chocolate
3171,Kirat
3172,Ludic
3173,VRMonkey
3174,Snaggletooth Studios
3175,Advanced Interactive Gaming Ltd.
3176,metricminds GmbH & Co. KG
3177,Sólfar Studios
3178,SimFabric
3179,ScottGames
3180,Dark Day Interactive
3181,GameUS Inc.
3182,Holyday Studios
3183,Grizzly Games
3184,Squad
3185,No More Robots
3186,Anikids
3187,Marginal act
3188,Vile Monarch
3189,Glumberland
3190,Dry Cactus Limited
3191,Crytivo Games
3192,Crea-ture Studios
3193,DUX Software Corporation
3194,Illumination Games
3195,Escape Velocity Ltd
3196,Ultimate Games
3197,VRChat Inc.
3198,Joe Williams
3199,Psyonix
3200,Agharta Studio
3201,Innovative Design Software
3202,Baudville
3203,PixelStorm
3204,Micott & Basara Inc.
3205,Nerjyzed Entertainment
3206,Binbou Soft
3207,Argent
3208,UEP Systems
3209,Dazz
3210,Ivanovich Games
3211,Joycity
3212,FX studio
3213,AAA
3214,Fathammer
3215,Mc O'River
3216,Immanitas Entertainment GmbH
3217,Wave
3218,CapDisc
3219,Pack In Soft
3220,Roll7
3221,Sports Interactive
3222,OnGames
3223,Planeta DeAgostini Interactive
3224,Big Blue Bubble
3225,In2Games
3226,GolemLabs
3227,Nippon Clary Business
3228,StarHill
3229,Mid Carolina Media
3230,Hands-On Entertainment
3231,Sonalysts
3232,Dextell Ltd.
3233,MERJ Media
3234,iMackulate Vision Gaming
3235,Frame Interactive Studio LLC
3236,Toplitz Productions
3237,Giant Margarita
3238,Five Aces Publishing
3239,Easy Day Studios Pty Ltd
3240,Loren Lemcke
3241,Metalhead Software Inc.
3242,Sealost Interactive LLC
3243,SAT-BOX
3244,Wube Software LTD.
3245,Ndemic Creations
3246,Mega Crit Games
3247,EarthWork Games
3248,Hidden Path Entertainment
3249,KillHouse Games
3250,Dinosaur Polo Club
3251,14 Degrees East
3252,Big Sandwich Games
3253,Game-Labs
3254,W!Games
3255,Dan Walters
3256,A.Y.std
3257,Pipliz
3258,Hammerfall Publishing
3259,Playboom
3260,MoaCube
3261,Alda Games
3262,Naarassusi Publisher
3263,Northway Games
3264,Aterdux Entertainment
3265,Quaint Emerald
3266,Slitherine Studios
3267,Kawamoto Industrial
3268,Case in Point Studios
3269,Manning
3270,Dark Sky Entertainment
3271,Wax Lyrical Games
3272,Witt Interactive Software
3273,Game Republic
3274,Ravensburger Interactive Media
3275,HexWar Games
3276,Pelfast
3277,Indietopia Games
3278,Wonderful Tree Studio
3279,Hiro
3280,Introversion
3281,XGenStudios
3282,Four Lights
3283,Art of War
3284,lbxgames
3285,Rudolf Kremers
3286,CP Decision Limited
3287,Hammer Labs
3288,Subatomic Studios
3289,Complete-IT
3290,Nemesys
3291,Aspect
3292,"Hassey Enterprises, Inc."
3293,Silent Dreams
3294,Kerberos Productions
3295,Softnyx
3296,Oxeye
3297,GameFools
3298,Pocket Games Inc
3299,Jamo Games
3300,Monogon Games
3301,Mechabit
3302,Ilusis Interactive Graphics
3303,Left Behind Games
3304,Wastelands Interactive
3305,Hexacto Games
3306,Isotope 244 LLC
3307,Isotx
3308,Wesson International
3309,Code Fusion
3310,Virgin Mastertronic
3311,LDW
3312,Cendyne
3313,Games Faction
3314,Prolific Publishing
3315,UserJoy Technology
3316,Pantera
3317,Makivision Games
3318,Digital Entertainment Pool
3319,Winky Soft
3320,Media-5
3321,Three Donkeys
3322,Black Wing Foundation
3323,Nayantara Studios
3324,Blind Mind Studios
3325,Alten8
3326,Cheapass Games
3327,Secret Sorcery
3328,BlackMoon Design
3329,Relic Entertainment
3330,Lucky Frame
3331,Open Book
3332,DigiToys
3333,Angie
3334,Oddmobb
3335,Evil Twin Artworks
3336,DQ Team
3337,VOLV LLC
3338,Chilled Mouse
3339,Privateer Press Interactive
3340,Goldhawk Interactive
3341,TickTock Games
3342,TACS Games
3343,Fuero Games
3344,Junkfish Limited
3345,CE-Asia
3346,North Star Games
3347,Rampage Games
3348,"Massive Damage, Inc."
3349,Subset Games
3350,Conifer Games
3351,Ankama Games
3352,Eforb
3353,Tower Five
3354,34BigThings srl
3355,Satur Entertainment
3356,Young Fun Studio
3357,"Rhino Games, Inc."
3358,Omnidream Creations
3359,Studio Maka
3360,Snapshot Games
3361,Midjiwan AB
3362,"AREA 34, Inc."
3363,Joystick Ventures
3364,Serenity Forge
3365,DeXP
3366,MoeNovel
3367,Love Conquers All Games
3368,Somi
3369,Ju Cai
3370,Afterthought Studios
3371,CaeruX
3372,Dharker Studio
3373,Team Salvato
3374,Phoenixx Inc.
3375,Alice in Dissonance
3376,NEKO WORKs
3377,Orange Juice Dog
3378,Kinmoku
3379,bch waves studio
3380,Mighty Rabbit Studios
3381,Mind's Eclipse Interactive
3382,Walkabout
3383,InvertMouse
